airline,flightno,sourceairport,destairport,airportcode
1,28, APG, ASY,null
1,29, ASY, APG,null
1,44, CVO, ACV,null
1,45, ACV, CVO,null
1,54, AHD, AHT,null
1,55, AHT, AHD,null
1,90, ATO, ABR,null
1,91, ABR, ATO,null
1,108, ANV, MMI,null
1,109, MMI, ANV,null
1,142, ALI, AKC,null
1,143, AKC, ALI,null
1,148, HMN, ABL,null
1,149, ABL, HMN,null
1,198, NGZ, AAF,null
1,199, AAF, NGZ,null
1,226, CVO, KKI,null
1,227, KKI, CVO,null
1,276, ARB, ANV,null
1,277, ANV, ARB,null
1,308, ATE, AKC,null
1,309, AKC, ATE,null
1,326, ALX, ALI,null
1,327, ALI, ALX,null
1,370, AKC, WKK,null
1,371, WKK, AKC,null
1,414, AAF, ALB,null
1,415, ALB, AAF,null
1,424, ADG, AOS,null
1,425, AOS, ADG,null
1,470, ABQ, MMI,null
1,471, MMI, ABQ,null
1,520, AIV, ALS,null
1,521, ALS, AIV,null
1,556, AYZ, AHD,null
1,557, AHD, AYZ,null
1,560, AHF, ATO,null
1,561, ATO, AHF,null
1,604, ADG, ANN,null
1,605, ANN, ADG,null
1,608, AST, DYS,null
1,609, DYS, AST,null
1,626, AKI, AEL,null
1,627, AEL, AKI,null
1,658, ARC, ALM,null
1,659, ALM, ARC,null
1,708, AXB, AFO,null
1,709, AFO, AXB,null
1,744, AED, OTS,null
1,745, OTS, AED,null
1,754, CVO, ANY,null
1,755, ANY, CVO,null
1,786, ACV, AHD,null
1,787, AHD, ACV,null
1,810, ARC, AQY,null
1,811, AQY, ARC,null
1,828, HMN, EDF,null
1,829, EDF, HMN,null
1,878, KKI, ALM,null
1,879, ALM, KKI,null
1,888, ALZ, ANW,null
1,889, ANW, ALZ,null
1,900, AHT, AXX,null
1,901, AXX, AHT,null
1,924, AXG, ASX,null
1,925, ASX, AXG,null
1,946, APV, ADR,null
1,947, ADR, APV,null
1,996, AXG, AXS,null
1,997, AXS, AXG,null
1,1000, ADK, KKI,null
1,1001, KKI, ADK,null
1,1026, AHN, DYS,null
1,1027, DYS, AHN,null
1,1062, AQY, AFO,null
1,1063, AFO, AQY,null
1,1068, APN, ALB,null
1,1069, ALB, APN,null
1,1100, ATE, ALE,null
1,1101, ALE, ATE,null
1,1144, AIA, AMW,null
1,1145, AMW, AIA,null
1,1166, ABQ, AAF,null
1,1167, AAF, ABQ,null
1,1168, ADK, NAB,null
1,1169, NAB, ADK,null
1,1192, QAW, AHH,null
1,1193, AHH, QAW,null
1,1208, NAB, MMI,null
1,1209, MMI, NAB,null
1,1216, ATE, ALX,null
1,1217, ALX, ATE,null
1,1250, ARC, AED,null
1,1251, AED, ARC,null
1,1274, ALS, APG,null
1,1275, APG, ALS,null
1,1284, ADK, ADG,null
1,1285, ADG, ADK,null
1,1328, RLI, LTS,null
1,1329, LTS, RLI,null
2,14, APV, ALX,null
2,15, ALX, APV,null
2,18, MRI, OTS,null
2,19, OTS, MRI,null
2,64, VJI, AOS,null
2,65, AOS, VJI,null
2,88, AGN, AXX,null
2,89, AXX, AGN,null
2,124, OTS, ALZ,null
2,125, ALZ, OTS,null
2,142, ABQ, ADM,null
2,143, ADM, ABQ,null
2,192, AKK, NDV,null
2,193, NDV, AKK,null
2,240, ATE, ATW,null
2,241, ATW, ATE,null
2,278, ACV, ALX,null
2,279, ALX, ACV,null
2,322, ALN, ARB,null
2,323, ARB, ALN,null
2,330, AYZ, AND,null
2,331, AND, AYZ,null
2,356, AKC, MRI,null
2,357, MRI, AKC,null
2,358, ASE, ASX,null
2,359, ASX, ASE,null
2,384, AOS, AGN,null
2,385, AGN, AOS,null
2,426, AFO, AMN,null
2,427, AMN, AFO,null
2,466, ARB, AGN,null
2,467, AGN, ARB,null
2,484, ARX, AQY,null
2,485, AQY, ARX,null
2,488, VJI, APG,null
2,489, APG, VJI,null
2,526, CAK, ANP,null
2,527, ANP, CAK,null
2,550, AIV, ADK,null
2,551, ADK, AIV,null
2,600, MRI, ARB,null
2,601, ARB, MRI,null
2,644, AHD, AMA,null
2,645, AMA, AHD,null
2,670, KKI, ATS,null
2,671, ATS, KKI,null
2,672, ANV, ABL,null
2,673, ABL, ANV,null
2,692, CAK, ATS,null
2,693, ATS, CAK,null
2,728, AKI, ESF,null
2,729, ESF, AKI,null
2,746, ANC, AST,null
2,747, AST, ANC,null
2,790, APN, CVO,null
2,791, CVO, APN,null
2,830, ANQ, AMA,null
2,831, AMA, ANQ,null
2,840, NGZ, ADT,null
2,841, ADT, NGZ,null
2,886, ANW, ABY,null
2,887, ABY, ANW,null
2,902, AKO, OTS,null
2,903, OTS, AKO,null
2,920, AET, ASX,null
2,921, ASX, AET,null
2,950, ALB, ADM,null
2,951, ADM, ALB,null
2,988, ALS, ADG,null
2,989, ADG, ALS,null
2,1020, ANP, ADG,null
2,1021, ADG, ANP,null
2,1064, NAB, ALB,null
2,1065, ALB, NAB,null
2,1068, AIK, ANN,null
2,1069, ANN, AIK,null
2,1076, AXG, ABQ,null
2,1077, ABQ, AXG,null
2,1120, ACV, AKK,null
2,1121, AKK, ACV,null
2,1158, ABI, QAW,null
2,1159, QAW, ABI,null
2,1188, AIV, ALE,null
2,1189, ALE, AIV,null
2,1230, ANY, ANI,null
2,1231, ANI, ANY,null
2,1242, AED, AMA,null
2,1243, AMA, AED,null
2,1266, AHT, ALE,null
2,1267, ALE, AHT,null
2,1286, HMN, ESF,null
2,1287, ESF, HMN,null
2,1330, AXX, ANP,null
2,1331, ANP, AXX,null
2,1360, AHH, AST,null
2,1361, AST, AHH,null
2,1374, ALI, AMW,null
2,1375, AMW, ALI,null
2,1376, ALI, APG,null
2,1377, APG, ALI,null
3,2, ATS, OTS,null
3,3, OTS, ATS,null
3,26, VJI, ATW,null
3,27, ATW, VJI,null
3,36, CAK, OTS,null
3,37, OTS, CAK,null
3,84, ABY, ALS,null
3,85, ALS, ABY,null
3,100, AXN, APG,null
3,101, APG, AXN,null
3,118, AXB, ANA,null
3,119, ANA, AXB,null
3,126, LTS, EDF,null
3,127, EDF, LTS,null
3,130, JLH, AND,null
3,131, AND, JLH,null
3,162, AIK, ADT,null
3,163, ADT, AIK,null
3,194, AST, ARX,null
3,195, ARX, AST,null
3,206, ANB, ALE,null
3,207, ALE, ANB,null
3,240, AKC, MMI,null
3,241, MMI, AKC,null
3,244, EDF, AHT,null
3,245, AHT, EDF,null
3,268, AMW, AHN,null
3,269, AHN, AMW,null
3,284, AXB, AXN,null
3,285, AXN, AXB,null
3,300, ASY, ALE,null
3,301, ALE, ASY,null
3,334, ALI, ATW,null
3,335, ATW, ALI,null
3,364, AYZ, AUK,null
3,365, AUK, AYZ,null
3,396, AED, ASX,null
3,397, ASX, AED,null
3,432, ABQ, ANN,null
3,433, ANN, ABQ,null
3,438, AFO, AUK,null
3,439, AUK, AFO,null
3,460, RLI, AHD,null
3,461, AHD, RLI,null
3,498, ATW, TDW,null
3,499, TDW, ATW,null
3,528, ARB, AKK,null
3,529, AKK, ARB,null
3,548, ARX, ASX,null
3,549, ASX, ARX,null
3,588, AKO, WKK,null
3,589, WKK, AKO,null
3,626, KQA, ANV,null
3,627, ANV, KQA,null
3,656, ANN, EDF,null
3,657, EDF, ANN,null
3,670, ALN, ARX,null
3,671, ARX, ALN,null
3,694, AUK, JLH,null
3,695, JLH, AUK,null
3,710, ANN, AHT,null
3,711, AHT, ANN,null
3,734, ASY, NDV,null
3,735, NDV, ASY,null
3,782, AXG, JLH,null
3,783, JLH, AXG,null
3,826, ABQ, AEL,null
3,827, AEL, ABQ,null
3,862, LTS, RLI,null
3,863, RLI, LTS,null
3,904, APV, ANV,null
3,905, ANV, APV,null
3,922, ASY, AAF,null
3,923, AAF, ASY,null
3,962, NGZ, ALI,null
3,963, ALI, NGZ,null
3,970, ANP, AIB,null
3,971, AIB, ANP,null
3,1000, ASX, ANY,null
3,1001, ANY, ASX,null
3,1010, CVO, AST,null
3,1011, AST, CVO,null
3,1040, AHF, OTS,null
3,1041, OTS, AHF,null
3,1070, ANP, ARC,null
3,1071, ARC, ANP,null
3,1094, AAF, ALS,null
3,1095, ALS, AAF,null
3,1140, ATW, ALB,null
3,1141, ALB, ATW,null
3,1186, ANB, AET,null
3,1187, AET, ANB,null
3,1190, AXX, ADG,null
3,1191, ADG, AXX,null
3,1226, AID, ABL,null
3,1227, ABL, AID,null
3,1270, CAK, AXS,null
3,1271, AXS, CAK,null
3,1274, ASY, AFO,null
3,1275, AFO, ASY,null
4,10, ASY, ATS,null
4,11, ATS, ASY,null
4,32, ALX, OTS,null
4,33, OTS, ALX,null
4,34, ADR, ATS,null
4,35, ATS, ADR,null
4,56, AET, AKI,null
4,57, AKI, AET,null
4,62, AEX, MRI,null
4,63, MRI, AEX,null
4,94, AHH, ANA,null
4,95, ANA, AHH,null
4,136, LTS, JLH,null
4,137, JLH, LTS,null
4,166, AAF, AKI,null
4,167, AKI, AAF,null
4,168, ALI, ANY,null
4,169, ANY, ALI,null
4,200, ADT, EDF,null
4,201, EDF, ADT,null
4,226, VJI, OTS,null
4,227, OTS, VJI,null
4,260, ADT, ANN,null
4,261, ANN, ADT,null
4,264, ARB, ATW,null
4,265, ATW, ARB,null
4,296, AIV, AFO,null
4,297, AFO, AIV,null
4,340, ADM, AST,null
4,341, AST, ADM,null
4,358, ADG, AMN,null
4,359, AMN, ADG,null
4,378, WKK, ANQ,null
4,379, ANQ, WKK,null
4,384, AYZ, CVO,null
4,385, CVO, AYZ,null
4,430, CVO, LTS,null
4,431, LTS, CVO,null
4,436, AMA, WKK,null
4,437, WKK, AMA,null
4,478, AAF, AXX,null
4,479, AXX, AAF,null
4,510, ANP, AIB,null
4,511, AIB, ANP,null
4,544, LTS, QAW,null
4,545, QAW, LTS,null
4,546, ANY, AKC,null
4,547, AKC, ANY,null
4,558, AGN, AHN,null
4,559, AHN, AGN,null
4,564, AYZ, AED,null
4,565, AED, AYZ,null
4,582, AXX, WKK,null
4,583, WKK, AXX,null
4,604, AFO, ANC,null
4,605, ANC, AFO,null
4,624, ANC, ANV,null
4,625, ANV, ANC,null
4,626, AIA, AXG,null
4,627, AXG, AIA,null
4,666, AAF, AMA,null
4,667, AMA, AAF,null
4,716, JLH, AYZ,null
4,717, AYZ, JLH,null
4,742, HMN, APG,null
4,743, APG, HMN,null
4,750, NAB, ESF,null
4,751, ESF, NAB,null
4,784, AQY, DYS,null
4,785, DYS, AQY,null
4,832, ANN, AOS,null
4,833, AOS, ANN,null
4,838, APV, ALM,null
4,839, ALM, APV,null
4,870, ATE, ARB,null
4,871, ARB, ATE,null
4,902, NGZ, ANQ,null
4,903, ANQ, NGZ,null
4,946, AHT, AXG,null
4,947, AXG, AHT,null
4,990, ALI, ANN,null
4,991, ANN, ALI,null
4,1036, ANQ, ALS,null
4,1037, ALS, ANQ,null
4,1064, ANV, AET,null
4,1065, AET, ANV,null
4,1100, ARB, AEL,null
4,1101, AEL, ARB,null
4,1118, ANC, ANY,null
4,1119, ANY, ANC,null
4,1138, ABR, AET,null
4,1139, AET, ABR,null
4,1162, ANW, AKO,null
4,1163, AKO, ANW,null
4,1172, AHH, AYZ,null
4,1173, AYZ, AHH,null
4,1206, AXN, NDV,null
4,1207, NDV, AXN,null
4,1224, AND, MMI,null
4,1225, MMI, AND,null
5,22, WKK, ARB,null
5,23, ARB, WKK,null
5,62, ALM, AKP,null
5,63, AKP, ALM,null
5,66, ANA, AIK,null
5,67, AIK, ANA,null
5,76, ANC, AMA,null
5,77, AMA, ANC,null
5,104, ALB, ANY,null
5,105, ANY, ALB,null
5,134, AFO, ADT,null
5,135, ADT, AFO,null
5,148, CAK, ALE,null
5,149, ALE, CAK,null
5,194, ASY, ALE,null
5,195, ALE, ASY,null
5,234, ALS, AET,null
5,235, AET, ALS,null
5,238, AHF, ABY,null
5,239, ABY, AHF,null
5,242, ADR, LTS,null
5,243, LTS, ADR,null
5,244, ALM, EDF,null
5,245, EDF, ALM,null
5,264, ARX, AHN,null
5,265, AHN, ARX,null
5,300, AXS, AXX,null
5,301, AXX, AXS,null
5,318, ARX, QAW,null
5,319, QAW, ARX,null
5,350, ATW, AOS,null
5,351, AOS, ATW,null
5,360, ARX, ANW,null
5,361, ANW, ARX,null
5,386, NDV, EDF,null
5,387, EDF, NDV,null
5,412, ALS, AHT,null
5,413, AHT, ALS,null
5,432, APV, TDW,null
5,433, TDW, APV,null
5,468, CVO, AXS,null
5,469, AXS, CVO,null
5,484, QAW, MMI,null
5,485, MMI, QAW,null
5,504, ASX, AND,null
5,505, AND, ASX,null
5,546, ALS, AOS,null
5,547, AOS, ALS,null
5,592, VJI, AIB,null
5,593, AIB, VJI,null
5,602, ANW, AHT,null
5,603, AHT, ANW,null
5,616, AHH, ASX,null
5,617, ASX, AHH,null
5,648, ASX, AND,null
5,649, AND, ASX,null
5,688, ANI, DYS,null
5,689, DYS, ANI,null
5,726, RFK, ASY,null
5,727, ASY, RFK,null
5,752, ASE, CVO,null
5,753, CVO, ASE,null
5,798, AGN, ESF,null
5,799, ESF, AGN,null
5,808, ARC, AMN,null
5,809, AMN, ARC,null
5,816, ALI, ABY,null
5,817, ABY, ALI,null
5,866, AND, ALE,null
5,867, ALE, AND,null
5,894, ALS, KQA,null
5,895, KQA, ALS,null
5,902, AFO, WKK,null
5,903, WKK, AFO,null
5,918, ASY, QAW,null
5,919, QAW, ASY,null
5,926, DYS, AAF,null
5,927, AAF, DYS,null
5,964, AXN, AYZ,null
5,965, AYZ, AXN,null
5,1010, RLI, LTS,null
5,1011, LTS, RLI,null
5,1054, ANN, ATW,null
5,1055, ATW, ANN,null
5,1088, ANV, AKO,null
5,1089, AKO, ANV,null
5,1128, ANB, ASY,null
5,1129, ASY, ANB,null
5,1178, ANQ, ALX,null
5,1179, ALX, ANQ,null
5,1204, AOS, AST,null
5,1205, AST, AOS,null
5,1248, ABR, ALE,null
5,1249, ALE, ABR,null
5,1276, AMN, KQA,null
5,1277, KQA, AMN,null
5,1324, DYS, TDW,null
5,1325, TDW, DYS,null
5,1334, CAK, AKC,null
5,1335, AKC, CAK,null
6,4, ALX, NAB,null
6,5, NAB, ALX,null
6,28, ABQ, APG,null
6,29, APG, ABQ,null
6,50, AIB, ALZ,null
6,51, ALZ, AIB,null
6,70, AKC, AAF,null
6,71, AAF, AKC,null
6,82, ABY, ATO,null
6,83, ATO, ABY,null
6,112, NAB, AKP,null
6,113, AKP, NAB,null
6,162, NDV, AOS,null
6,163, AOS, NDV,null
6,174, ANV, ALZ,null
6,175, ALZ, ANV,null
6,178, ABQ, ALI,null
6,179, ALI, ABQ,null
6,210, AXG, AQY,null
6,211, AQY, AXG,null
6,250, AXX, AED,null
6,251, AED, AXX,null
6,252, AXG, ANY,null
6,253, ANY, AXG,null
6,302, CAK, AIV,null
6,303, AIV, CAK,null
6,346, ARB, OTS,null
6,347, OTS, ARB,null
6,368, JLH, NAB,null
6,369, NAB, JLH,null
6,370, WKK, ADT,null
6,371, ADT, WKK,null
6,372, ATE, MMI,null
6,373, MMI, ATE,null
6,400, TDW, ABR,null
6,401, ABR, TDW,null
6,424, RFK, ALS,null
6,425, ALS, RFK,null
6,442, OTS, AXX,null
6,443, AXX, OTS,null
6,478, APG, AEL,null
6,479, AEL, APG,null
6,516, KKI, AKI,null
6,517, AKI, KKI,null
6,534, QAW, ABY,null
6,535, ABY, QAW,null
6,568, ASY, AMW,null
6,569, AMW, ASY,null
6,610, ANP, AXG,null
6,611, AXG, ANP,null
6,620, AST, OTS,null
6,621, OTS, AST,null
6,658, ALM, CVO,null
6,659, CVO, ALM,null
6,670, AYZ, HMN,null
6,671, HMN, AYZ,null
6,704, KKI, WKK,null
6,705, WKK, KKI,null
6,708, ANB, ALI,null
6,709, ALI, ANB,null
6,716, AKP, AHF,null
6,717, AHF, AKP,null
6,740, HMN, AXG,null
6,741, AXG, HMN,null
6,754, AAF, ARX,null
6,755, ARX, AAF,null
6,762, AMW, ATS,null
6,763, ATS, AMW,null
6,810, AHD, DYS,null
6,811, DYS, AHD,null
6,812, ARB, CAK,null
6,813, CAK, ARB,null
6,814, ANB, NGZ,null
6,815, NGZ, ANB,null
6,862, ANQ, AXX,null
6,863, AXX, ANQ,null
6,906, ARC, RFK,null
6,907, RFK, ARC,null
6,932, NDV, ASY,null
6,933, ASY, NDV,null
6,950, ALE, AIB,null
6,951, AIB, ALE,null
6,970, ASE, AOS,null
6,971, AOS, ASE,null
6,1012, AXS, VJI,null
6,1013, VJI, AXS,null
6,1020, MRI, AXG,null
6,1021, AXG, MRI,null
6,1070, ADK, ABR,null
6,1071, ABR, ADK,null
6,1114, AEX, NDV,null
6,1115, NDV, AEX,null
6,1132, AOS, MRI,null
6,1133, MRI, AOS,null
6,1144, ALS, AEL,null
6,1145, AEL, ALS,null
6,1154, AIK, AIB,null
6,1155, AIB, AIK,null
6,1194, AAF, AXG,null
6,1195, AXG, AAF,null
7,44, AKI, ABR,null
7,45, ABR, AKI,null
7,58, ASX, AST,null
7,59, AST, ASX,null
7,68, EDF, AFO,null
7,69, AFO, EDF,null
7,76, ARB, ABL,null
7,77, ABL, ARB,null
7,114, ARB, ADK,null
7,115, ADK, ARB,null
7,118, AKK, ANW,null
7,119, ANW, AKK,null
7,120, AKI, ALX,null
7,121, ALX, AKI,null
7,122, KKI, ANN,null
7,123, ANN, KKI,null
7,152, AXG, MRI,null
7,153, MRI, AXG,null
7,188, AND, ALZ,null
7,189, ALZ, AND,null
7,230, NGZ, ABY,null
7,231, ABY, NGZ,null
7,250, AXS, ATS,null
7,251, ATS, AXS,null
7,294, AET, AKP,null
7,295, AKP, AET,null
7,312, AIV, ALE,null
7,313, ALE, AIV,null
7,316, AST, AKI,null
7,317, AKI, AST,null
7,336, AXG, AUK,null
7,337, AUK, AXG,null
7,370, QAW, ATW,null
7,371, ATW, QAW,null
7,398, JLH, AET,null
7,399, AET, JLH,null
7,408, AMN, ADG,null
7,409, ADG, AMN,null
7,454, KQA, ADK,null
7,455, ADK, KQA,null
7,484, ALX, AKK,null
7,485, AKK, ALX,null
7,492, OTS, NAB,null
7,493, NAB, OTS,null
7,542, WKK, ANC,null
7,543, ANC, WKK,null
7,560, ATW, ASE,null
7,561, ASE, ATW,null
7,570, OTS, ADG,null
7,571, ADG, OTS,null
7,614, AIA, AMW,null
7,615, AMW, AIA,null
7,662, ATS, AKO,null
7,663, AKO, ATS,null
7,670, ANA, ADR,null
7,671, ADR, ANA,null
7,714, ARC, ALM,null
7,715, ALM, ARC,null
7,720, AED, KQA,null
7,721, KQA, AED,null
7,722, AST, CAK,null
7,723, CAK, AST,null
7,736, ARX, ABY,null
7,737, ABY, ARX,null
7,754, ABR, MMI,null
7,755, MMI, ABR,null
7,792, AIA, NGZ,null
7,793, NGZ, AIA,null
7,812, AND, AXN,null
7,813, AXN, AND,null
7,818, AXN, AEX,null
7,819, AEX, AXN,null
7,844, MMI, AOS,null
7,845, AOS, MMI,null
7,854, KQA, APN,null
7,855, APN, KQA,null
7,856, LTS, TDW,null
7,857, TDW, LTS,null
7,898, AYZ, MRI,null
7,899, MRI, AYZ,null
7,942, AKP, AIB,null
7,943, AIB, AKP,null
7,948, AKK, OTS,null
7,949, OTS, AKK,null
7,980, AUK, AIA,null
7,981, AIA, AUK,null
7,1030, AED, AXS,null
7,1031, AXS, AED,null
7,1070, AET, ARB,null
7,1071, ARB, AET,null
7,1080, AHF, AGN,null
7,1081, AGN, AHF,null
7,1096, ABI, EDF,null
7,1097, EDF, ABI,null
7,1118, MMI, AKI,null
7,1119, AKI, MMI,null
7,1126, AKI, ESF,null
7,1127, ESF, AKI,null
7,1138, VJI, ESF,null
7,1139, ESF, VJI,null
8,42, ABY, ALM,null
8,43, ALM, ABY,null
8,88, KQA, AMW,null
8,89, AMW, KQA,null
8,132, AKK, AIK,null
8,133, AIK, AKK,null
8,170, LTS, EDF,null
8,171, EDF, LTS,null
8,174, DYS, ABQ,null
8,175, ABQ, DYS,null
8,210, CAK, ANP,null
8,211, ANP, CAK,null
8,246, AIK, AST,null
8,247, AST, AIK,null
8,292, QAW, DYS,null
8,293, DYS, QAW,null
8,336, KKI, ALE,null
8,337, ALE, KKI,null
8,372, AHF, AKC,null
8,373, AKC, AHF,null
8,420, AKP, ADT,null
8,421, ADT, AKP,null
8,468, HMN, AGN,null
8,469, AGN, HMN,null
8,512, ABQ, ADK,null
8,513, ADK, ABQ,null
8,536, AKC, ANV,null
8,537, ANV, AKC,null
8,542, ABQ, NGZ,null
8,543, NGZ, ABQ,null
8,576, AIV, AMA,null
8,577, AMA, AIV,null
8,588, AEX, AXN,null
8,589, AXN, AEX,null
8,604, ASY, ASE,null
8,605, ASE, ASY,null
8,640, ABQ, AOS,null
8,641, AOS, ABQ,null
8,652, AHF, AHD,null
8,653, AHD, AHF,null
8,670, ASY, CVO,null
8,671, CVO, ASY,null
8,714, JLH, AAF,null
8,715, AAF, JLH,null
8,726, ACV, ASY,null
8,727, ASY, ACV,null
8,736, ACV, ABQ,null
8,737, ABQ, ACV,null
8,752, AEL, ATE,null
8,753, ATE, AEL,null
8,792, ANY, ANP,null
8,793, ANP, ANY,null
8,832, AAF, MMI,null
8,833, MMI, AAF,null
8,836, APN, ALB,null
8,837, ALB, APN,null
8,872, ABY, CAK,null
8,873, CAK, ABY,null
8,908, MMI, ABR,null
8,909, ABR, MMI,null
8,956, ADK, AQY,null
8,957, AQY, ADK,null
8,994, ABY, AXB,null
8,995, AXB, ABY,null
8,1038, EDF, ARX,null
8,1039, ARX, EDF,null
8,1050, RFK, CVO,null
8,1051, CVO, RFK,null
8,1086, EDF, AFO,null
8,1087, AFO, EDF,null
8,1096, ANP, NAB,null
8,1097, NAB, ANP,null
8,1138, DYS, AAF,null
8,1139, AAF, DYS,null
8,1182, AKI, ARC,null
8,1183, ARC, AKI,null
8,1232, NDV, AKI,null
8,1233, AKI, NDV,null
8,1278, ANB, ANP,null
8,1279, ANP, ANB,null
8,1280, ATO, AET,null
8,1281, AET, ATO,null
8,1308, ADG, ALS,null
8,1309, ALS, ADG,null
8,1346, AND, ESF,null
8,1347, ESF, AND,null
8,1348, ANI, AHF,null
8,1349, AHF, ANI,null
8,1376, WKK, ASE,null
8,1377, ASE, WKK,null
8,1418, AEL, ATS,null
8,1419, ATS, AEL,null
8,1420, ALM, ANV,null
8,1421, ANV, ALM,null
8,1468, AID, JLH,null
8,1469, JLH, AID,null
8,1490, ANB, JLH,null
8,1491, JLH, ANB,null
8,1534, AMN, CAK,null
8,1535, CAK, AMN,null
9,12, ACV, ATW,null
9,13, ATW, ACV,null
9,62, AYZ, ANI,null
9,63, ANI, AYZ,null
9,78, ASE, JLH,null
9,79, JLH, ASE,null
9,84, ACV, AKI,null
9,85, AKI, ACV,null
9,120, ABI, AMA,null
9,121, AMA, ABI,null
9,158, AKO, AQY,null
9,159, AQY, AKO,null
9,178, QAW, VJI,null
9,179, VJI, QAW,null
9,224, ASY, AHF,null
9,225, AHF, ASY,null
9,230, ANY, ABQ,null
9,231, ABQ, ANY,null
9,270, ARC, VJI,null
9,271, VJI, ARC,null
9,278, AHH, AST,null
9,279, AST, AHH,null
9,312, AXG, ALN,null
9,313, ALN, AXG,null
9,342, ALB, ANC,null
9,343, ANC, ALB,null
9,384, ANV, ANQ,null
9,385, ANQ, ANV,null
9,390, DYS, AIV,null
9,391, AIV, DYS,null
9,422, AIA, VJI,null
9,423, VJI, AIA,null
9,468, HMN, AHD,null
9,469, AHD, HMN,null
9,486, AET, AMA,null
9,487, AMA, AET,null
9,536, CAK, AMA,null
9,537, AMA, CAK,null
9,580, ADM, ANI,null
9,581, ANI, ADM,null
9,616, HMN, AND,null
9,617, AND, HMN,null
9,622, AED, KKI,null
9,623, KKI, AED,null
9,628, ANI, ADT,null
9,629, ADT, ANI,null
9,634, AKI, ATW,null
9,635, ATW, AKI,null
9,646, ARX, AHF,null
9,647, AHF, ARX,null
9,654, ATS, DYS,null
9,655, DYS, ATS,null
9,680, ABY, AGN,null
9,681, AGN, ABY,null
9,692, AIK, CVO,null
9,693, CVO, AIK,null
9,722, ANP, ANB,null
9,723, ANB, ANP,null
9,746, WKK, ESF,null
9,747, ESF, WKK,null
9,748, ATS, RLI,null
9,749, RLI, ATS,null
9,780, JLH, ANV,null
9,781, ANV, JLH,null
9,828, ADG, HMN,null
9,829, HMN, ADG,null
9,876, ALM, AIV,null
9,877, AIV, ALM,null
9,882, ADT, ALZ,null
9,883, ALZ, ADT,null
9,892, WKK, ANV,null
9,893, ANV, WKK,null
9,894, AAF, AHT,null
9,895, AHT, AAF,null
9,942, ABI, MMI,null
9,943, MMI, ABI,null
9,968, CAK, ALN,null
9,969, ALN, CAK,null
9,1006, AET, ANV,null
9,1007, ANV, AET,null
9,1026, AEL, MRI,null
9,1027, MRI, AEL,null
9,1044, AQY, NGZ,null
9,1045, NGZ, AQY,null
9,1060, AST, ADK,null
9,1061, ADK, AST,null
9,1090, CVO, HMN,null
9,1091, HMN, CVO,null
9,1114, LTS, ABI,null
9,1115, ABI, LTS,null
9,1150, ASE, VJI,null
9,1151, VJI, ASE,null
9,1188, AHF, OTS,null
9,1189, OTS, AHF,null
9,1228, ALN, ALZ,null
9,1229, ALZ, ALN,null
9,1260, AEX, ARC,null
9,1261, ARC, AEX,null
9,1286, ALE, JLH,null
9,1287, JLH, ALE,null
10,6, TDW, AXN,null
10,7, AXN, TDW,null
10,54, KQA, AHF,null
10,55, AHF, KQA,null
10,66, DYS, ADT,null
10,67, ADT, DYS,null
10,98, MRI, ANA,null
10,99, ANA, MRI,null
10,144, AXN, RFK,null
10,145, RFK, AXN,null
10,174, AED, AMA,null
10,175, AMA, AED,null
10,218, AKO, ANN,null
10,219, ANN, AKO,null
10,224, ANI, AIV,null
10,225, AIV, ANI,null
10,264, AIA, ABI,null
10,265, ABI, AIA,null
10,310, QAW, ANP,null
10,311, ANP, QAW,null
10,336, ARC, ADR,null
10,337, ADR, ARC,null
10,352, AYZ, QAW,null
10,353, QAW, AYZ,null
10,382, APG, ALE,null
10,383, ALE, APG,null
10,408, ANQ, AUK,null
10,409, AUK, ANQ,null
10,430, ADR, CAK,null
10,431, CAK, ADR,null
10,468, AAF, APV,null
10,469, APV, AAF,null
10,512, CVO, ESF,null
10,513, ESF, CVO,null
10,562, ANW, ATE,null
10,563, ATE, ANW,null
10,600, ABQ, AKI,null
10,601, AKI, ABQ,null
10,602, AKK, ADK,null
10,603, ADK, AKK,null
10,646, ARB, ASE,null
10,647, ASE, ARB,null
10,650, ANQ, AEX,null
10,651, AEX, ANQ,null
10,700, ANC, AKI,null
10,701, AKI, ANC,null
10,736, QAW, AMN,null
10,737, AMN, QAW,null
10,784, NGZ, NAB,null
10,785, NAB, NGZ,null
10,820, AHN, ACV,null
10,821, ACV, AHN,null
10,826, AHH, ARB,null
10,827, ARB, AHH,null
10,858, VJI, ALB,null
10,859, ALB, VJI,null
10,890, AYZ, AXG,null
10,891, AXG, AYZ,null
10,928, ANB, AHD,null
10,929, AHD, ANB,null
10,934, ABI, AKP,null
10,935, AKP, ABI,null
10,982, ANP, ATE,null
10,983, ATE, ANP,null
10,1000, AHN, ANN,null
10,1001, ANN, AHN,null
10,1040, AIB, MRI,null
10,1041, MRI, AIB,null
10,1070, ANN, ARC,null
10,1071, ARC, ANN,null
10,1116, ANI, AFO,null
10,1117, AFO, ANI,null
10,1128, ABI, AMN,null
10,1129, AMN, ABI,null
10,1136, ABL, ABI,null
10,1137, ABI, ABL,null
10,1144, AKK, CAK,null
10,1145, CAK, AKK,null
10,1172, APG, AKC,null
10,1173, AKC, APG,null
10,1182, ATW, ALZ,null
10,1183, ALZ, ATW,null
10,1210, ANY, ALB,null
10,1211, ALB, ANY,null
10,1256, AED, ADM,null
10,1257, ADM, AED,null
10,1298, ATS, ALS,null
10,1299, ALS, ATS,null
10,1314, AIV, AHF,null
10,1315, AHF, AIV,null
10,1330, ALM, NGZ,null
10,1331, NGZ, ALM,null
10,1356, AMA, ATW,null
10,1357, ATW, AMA,null
10,1390, ADG, ABL,null
10,1391, ABL, ADG,null
10,1426, JLH, ABL,null
10,1427, ABL, JLH,null
10,1476, AIV, ALE,null
10,1477, ALE, AIV,null
11,14, AGN, ANP,null
11,15, ANP, AGN,null
11,58, AKK, TDW,null
11,59, TDW, AKK,null
11,80, AET, AXB,null
11,81, AXB, AET,null
11,88, ANY, AQY,null
11,89, AQY, ANY,null
11,110, AXS, AMW,null
11,111, AMW, AXS,null
11,134, NDV, ADG,null
11,135, ADG, NDV,null
11,142, AXS, APG,null
11,143, APG, AXS,null
11,158, AHT, ANV,null
11,159, ANV, AHT,null
11,200, ANC, AIK,null
11,201, AIK, ANC,null
11,204, AIK, AXN,null
11,205, AXN, AIK,null
11,240, ARC, AXG,null
11,241, AXG, ARC,null
11,284, ABQ, WKK,null
11,285, WKK, ABQ,null
11,296, AGN, AIV,null
11,297, AIV, AGN,null
11,302, ANY, TDW,null
11,303, TDW, ANY,null
11,330, AXG, LTS,null
11,331, LTS, AXG,null
11,378, RFK, ASY,null
11,379, ASY, RFK,null
11,400, ANA, AEL,null
11,401, AEL, ANA,null
11,436, ABQ, AND,null
11,437, AND, ABQ,null
11,470, CAK, AHT,null
11,471, AHT, CAK,null
11,504, AAF, AKO,null
11,505, AKO, AAF,null
11,512, ASY, ABR,null
11,513, ABR, ASY,null
11,524, ADK, ALM,null
11,525, ALM, ADK,null
11,566, LTS, AET,null
11,567, AET, LTS,null
11,570, ANA, RLI,null
11,571, RLI, ANA,null
11,574, ADK, LTS,null
11,575, LTS, ADK,null
11,590, ANY, AAF,null
11,591, AAF, ANY,null
11,594, ANN, ANY,null
11,595, ANY, ANN,null
11,636, ALX, RLI,null
11,637, RLI, ALX,null
11,640, AND, AIA,null
11,641, AIA, AND,null
11,666, AYZ, ANC,null
11,667, ANC, AYZ,null
11,704, ADR, AKI,null
11,705, AKI, ADR,null
11,730, AUK, ALS,null
11,731, ALS, AUK,null
11,740, AXG, OTS,null
11,741, OTS, AXG,null
11,772, JLH, ADM,null
11,773, ADM, JLH,null
11,774, ALN, AKP,null
11,775, AKP, ALN,null
11,824, ABI, ANW,null
11,825, ANW, ABI,null
11,834, ATS, AXN,null
11,835, AXN, ATS,null
11,842, ABR, AXN,null
11,843, AXN, ABR,null
11,876, KQA, AXX,null
11,877, AXX, KQA,null
11,904, AKO, DYS,null
11,905, DYS, AKO,null
11,908, ANQ, ATO,null
11,909, ATO, ANQ,null
11,954, AHH, AQY,null
11,955, AQY, AHH,null
11,986, MMI, AIB,null
11,987, AIB, MMI,null
11,1012, ABI, ALZ,null
11,1013, ALZ, ABI,null
11,1022, CVO, NDV,null
11,1023, NDV, CVO,null
11,1060, WKK, NAB,null
11,1061, NAB, WKK,null
11,1078, ALZ, ADG,null
11,1079, ADG, ALZ,null
11,1112, ARB, CVO,null
11,1113, CVO, ARB,null
11,1136, AEX, AHF,null
11,1137, AHF, AEX,null
11,1178, KQA, AFO,null
11,1179, AFO, KQA,null
12,42, AID, ADK,null
12,43, ADK, AID,null
12,80, AKK, APV,null
12,81, APV, AKK,null
12,120, ASY, ADK,null
12,121, ADK, ASY,null
12,156, ABY, ESF,null
12,157, ESF, ABY,null
12,206, ARB, AIV,null
12,207, AIV, ARB,null
12,208, AHN, AHD,null
12,209, AHD, AHN,null
12,234, EDF, AKK,null
12,235, AKK, EDF,null
12,264, AMW, AKI,null
12,265, AKI, AMW,null
12,284, ADM, RLI,null
12,285, RLI, ADM,null
12,312, TDW, ANC,null
12,313, ANC, TDW,null
12,326, ATO, AOS,null
12,327, AOS, ATO,null
12,368, LTS, ANB,null
12,369, ANB, LTS,null
12,402, ATW, ANP,null
12,403, ANP, ATW,null
12,424, RLI, ABY,null
12,425, ABY, RLI,null
12,450, ALB, HMN,null
12,451, HMN, ALB,null
12,490, AIA, NAB,null
12,491, NAB, AIA,null
12,540, AHT, AMW,null
12,541, AMW, AHT,null
12,584, ALZ, ASE,null
12,585, ASE, ALZ,null
12,614, QAW, ADT,null
12,615, ADT, QAW,null
12,650, CAK, AXN,null
12,651, AXN, CAK,null
12,690, AEX, ANI,null
12,691, ANI, AEX,null
12,728, ADM, KKI,null
12,729, KKI, ADM,null
12,748, AAF, ALS,null
12,749, ALS, AAF,null
12,766, RLI, AND,null
12,767, AND, RLI,null
12,778, ABY, AQY,null
12,779, AQY, ABY,null
12,820, ALN, ANW,null
12,821, ANW, ALN,null
12,834, ABI, AIV,null
12,835, AIV, ABI,null
12,850, ARC, AET,null
12,851, AET, ARC,null
12,890, ATO, ALS,null
12,891, ALS, ATO,null
12,924, ANB, KKI,null
12,925, KKI, ANB,null
12,946, AXG, AKK,null
12,947, AKK, AXG,null
12,956, AKO, ABL,null
12,957, ABL, AKO,null
12,970, AST, ADM,null
12,971, ADM, AST,null
12,1004, CAK, LTS,null
12,1005, LTS, CAK,null
12,1022, AKI, AHN,null
12,1023, AHN, AKI,null
12,1056, ALN, ADR,null
12,1057, ADR, ALN,null
12,1106, RLI, AIB,null
12,1107, AIB, RLI,null
12,1120, JLH, AHF,null
12,1121, AHF, JLH,null
12,1126, RLI, ABY,null
12,1127, ABY, RLI,null
12,1172, AMA, ARX,null
12,1173, ARX, AMA,null
12,1204, ARB, ADM,null
12,1205, ADM, ARB,null
12,1230, ANC, CVO,null
12,1231, CVO, ANC,null
12,1244, ANP, ANY,null
12,1245, ANY, ANP,null
12,1252, WKK, ANN,null
12,1253, ANN, WKK,null
12,1254, AIB, ANV,null
12,1255, ANV, AIB,null
12,1280, AEX, ARX,null
12,1281, ARX, AEX,null
12,1300, AMA, AFO,null
12,1301, AFO, AMA,null
12,1334, ADT, AKK,null
12,1335, AKK, ADT,null
12,1364, AMW, ANN,null
12,1365, ANN, AMW,null
12,1376, ALE, LTS,null
12,1377, LTS, ALE,null
