individual_id,individual_first_name,individual_middle_name,inidividual_phone,individual_email,individual_address,individual_last_name
1,Oscar,Hosea,1-925-696-5232,amie.okuneva@example.org,6956 Lia Plaza,Maggio
2,Geovanny,Antonia,075.012.6775x409,jamey.effertz@example.net,69578 Baylee Prairie,Kerluke
3,Casper,Mitchell,1-818-062-2837,brandon.hermiston@example.com,4555 Hane Orchard,Kutch
4,Guy,Erick,1-014-109-1968x40778,reinger.leola@example.net,919 Cummerata Burgs Apt. 063,Wunsch
5,Matteo,Rene,634.660.8469,strosin.conor@example.org,13223 Torphy Point,Schuster
6,Nella,Tommie,892.154.8492,austyn.effertz@example.org,640 Johns Branch,Kertzmann
7,Jeffery,Alberto,317.382.4425x7924,august78@example.net,384 Carter Flat Suite 896,Jacobs
8,Shany,Colleen,(030)939-8437x6141,mbahringer@example.com,407 Sofia Knoll Suite 591,D'Amore
9,Allene,Erwin,1-797-739-0925,autumn.fisher@example.net,3889 Theodore Radial Suite 795,Rutherford
10,Lafayette,Raoul,396.348.9925x9122,hickle.ewell@example.com,3203 Hermann Port Apt. 429,Rau
11,Daniella,Jamel,(121)788-2928,ericka97@example.net,4643 Ismael Pines Apt. 899,Rogahn
12,Daron,Howard,+94(0)3793557310,allison.lemke@example.org,104 Bernier Loop,Hand
13,Ressie,Alysson,1-727-057-0382x999,delpha81@example.com,5114 Jakubowski Port Apt. 758,Bradtke
14,Katarina,Lacey,(348)944-9700,zlehner@example.net,16688 Powlowski Views Apt. 341,Dooley
15,Jaylen,Jewell,(468)679-4017,shanahan.julien@example.net,06409 Beatty Glen Suite 000,O'Conner
