match_id,date,venue,score,result,competition
1,18 February 1992,"Estadio Cuscatlán , San Salvador , El Salvador",1-0,2-0,Friendly match
2,19 July 1992,"Estadio Rigoberto López , Managua , Nicaragua",3-0,5-0,1994 FIFA World Cup qualification
3,23 July 1992,"Estadio Cuscatlán , San Salvador , El Salvador",1-0,5-1,1994 FIFA World Cup qualification
4,23 July 1992,"Estadio Cuscatlán , San Salvador , El Salvador",3-0,5-1,1994 FIFA World Cup qualification
5,4 April 1993,"Estadio Cuscatlán , San Salvador , El Salvador",1–0,2–1,1994 FIFA World Cup qualification
6,23 July 2000,"Estadio Cuscatlán , San Salvador , El Salvador",2–1,7–1,2002 FIFA World Cup qualification
