document_id,template_id,document_name,document_description,other_details,template_type_code
0,7,Introduction of OS,n,,PPT
1,25,Understanding DB,y,,PP
3,6,Summer Show,u,,PPT
76,20,Robbin CV,y,,BK
80,14,Welcome to NY,h,,AD
82,11,Data base,w,,BK
2394,10,Customer reviews,y,,PPT
3830,14,Do not panic,k,,AD
33930,1,How Google people work,z,,PP
50123,22,Learning French,r,,PP
651512,21,How to write a CV,f,,AD
801801,4,How to read a book,w,,BK
3540024,8,Palm reading,y,,BK
16514113,25,A history of Arts,h,,PP
385906526,11,About Korea,b,,BK
