paragraph_id,document_id,paragraph_text,other_details,document_name
7,2394,Korea,,Customer reviews
9,3,Somalia,,Summer Show
65,50123,Palestinian Territory,,Learning French
241,651512,Jersey,,How to write a CV
3708,33930,UK,,How Google people work
9946,385906526,Fiji,,About Korea
16615,80,Japan,,Welcome to NY
1104059,3830,Senegal,,Do not panic
243399026,651512,Indonesia,,How to write a CV
280120913,2394,Ukraine,,Customer reviews
510442723,2394,Korea,,Customer reviews
571212310,16514113,Brazil,,A history of Arts
608931827,80,Micronesia,,Welcome to NY
765713812,16514113,Ireland,,A history of Arts
946335436,3540024,Papua New Guinea,,Palm reading
