customer_id,customer_type_code,address_line_1,address_line_2,town_city,state,email_address,phone_number
113,Good Credit Rating,144 Legros Landing,Apt. 551,Maryamport,Kansas,hsteuber@example.org,06963347450
114,Good Credit Rating,039 Jedidiah Estate Suite 537,Apt. 245,Sauerberg,Hawaii,cayla.satterfield@example.net,470-803-0244
115,Good Credit Rating,92189 Gulgowski Ranch Apt. 683,Apt. 828,Tyreekhaven,Tennessee,vida86@example.com,997.698.4779x882
116,Good Credit Rating,72144 Katlynn Flat Suite 512,Suite 959,Hansenbury,Tennessee,vbogisich@example.org,548.373.3603x59134
117,Good Credit Rating,1566 Ramona Overpass Apt. 464,Suite 151,North Alisaville,Florida,ubeier@example.org,044-468-4549
118,Defaults on payments,425 Roman Tunnel,Apt. 495,Funkstad,Colorado,lavonne.frami@example.com,+38(3)9011433816
119,Good Credit Rating,05355 Marcelle Radial,Suite 054,Port Joshuah,Pennsylvania,paige.hyatt@example.com,1-369-302-7623x576
120,Defaults on payments,518 Mann Park,Suite 035,West Annamariestad,Iowa,rzulauf@example.org,578.019.7943x328
