election_id,counties_represented,district,delegate,party,first_elected,committee
1,09.1 9A,1,"Bates, Gail H. Gail H. Bates",1,2002.0,Appropriations
2,09.1 9A,1,"Miller, Warren E. Warren E. Miller",1,2003.0,Economic Matters
3,12.1 12A,2,"DeBoy, Steven J. Sr. Steven J. DeBoy, Sr.",2,2002.0,Appropriations
4,12.1 12A,3,"Malone, James E. Jr. James E. Malone, Jr.",2,1994.0,Environmental Matters (Vice-Chair)
5,12.2 12B,2,"Bobo, Elizabeth Elizabeth Bobo",3,1994.0,Environmental Matters
6,13,1,"Pendergrass, Shane E. Shane Pendergrass",4,1994.0,Health and Government Operations
7,13,4,"Guzzone, Guy Guy Guzzone",1,2006.0,Appropriations
8,13,3,"Turner, Frank S. Frank S. Turner",7,1994.0,Ways and Means
