school_id,grade,school,location,type
1,Kindergarten,Noelani Elementary School,"Honolulu, Hawaii",Public
2,1st-3rd grade,St. Francis Assisi,"Jakarta, Indonesia",Private Catholic
3,4th grade,State Elementary School Menteng 01,"Jakarta, Indonesia",Public
4,5th-12th grade,Punahou School,"Honolulu, Hawaii",Private
5,Freshman–Sophomore year,Occidental College,"Los Angeles, California",Private
6,Junior–Senior year,Columbia University,New York City,Private
7,College,Harvard Law School,"Cambridge, Massachusetts",Private
