id,maker,fullname,country,countryname
1,amc,American Motor Company,1,usa
2,volkswagen,Volkswagen,2,germany
3,bmw,BMW,2,germany
4,gm,General Motors,1,usa
5,ford,Ford Motor Company,1,usa
6,chrysler,Chrysler,1,usa
7,citroen,Citroen,3,france
8,nissan,Nissan Motors,4,japan
9,fiat,Fiat,5,italy
11,honda,Honda,4,japan
12,mazda,Mazda,4,japan
13,daimler benz,Daimler Benz,2,germany
14,opel,Opel,2,germany
15,peugeaut,Peugeaut,3,france
16,renault,Renault,3,france
17,saab,Saab,6,sweden
18,subaru,Subaru,4,japan
19,toyota,Toyota,4,japan
20,triumph,Triumph,7,uk
21,volvo,Volvo,6,sweden
22,kia,Kia Motors,8,korea
23,hyundai,Hyundai,8,korea
