modelid,maker,model,fullname
1,1,amc,American Motor Company
2,2,audi,Volkswagen
3,3,bmw,BMW
4,4,buick,General Motors
5,4,cadillac,General Motors
6,5,capri,Ford Motor Company
7,4,chevrolet,General Motors
8,6,chrysler,Chrysler
9,7,citroen,Citroen
10,8,datsun,Nissan Motors
11,6,dodge,Chrysler
12,9,fiat,Fiat
13,5,ford,Ford Motor Company
14,10,hi,null
15,11,honda,Honda
16,12,mazda,Mazda
17,13,mercedes,Daimler Benz
18,13,mercedes-benz,Daimler Benz
19,5,mercury,Ford Motor Company
20,8,nissan,Nissan Motors
21,4,oldsmobile,General Motors
22,14,opel,Opel
23,15,peugeot,Peugeaut
24,6,plymouth,Chrysler
25,4,pontiac,General Motors
26,16,renault,Renault
27,17,saab,Saab
28,18,subaru,Subaru
29,19,toyota,Toyota
30,20,triumph,Triumph
31,2,volkswagen,Volkswagen
32,21,volvo,Volvo
33,22,kia,Kia Motors
34,23,hyundai,Hyundai
35,6,jeep,Chrysler
36,19,scion,Toyota
