id,music_festival,date_of_ceremony,category,volume,result
1,34th England Academy Prize,18 February 2011,Best Song,1,Nominated
2,34th Japan Academy Prize,18 February 2011,Best Lyrics,2,Nominated
3,34th European Academy Prize,18 February 2011,Best Song,3,Awarded
4,36th Japan Academy Prize,18 February 2011,Best Song,4,Awarded
5,34th USA Academy Prize,18 February 2011,Best Song,5,Nominated
6,40th Japan Academy Prize,18 February 2011,Best Song,6,Nominated
7,37th Sweden Academy Prize,18 February 2011,Best Lyrics,7,Nominated
8,37th Canadian Academy Prize,18 February 2011,Best Lyrics,8,Nominated
9,35th China Academy Prize,18 February 2011,Best Sound Song,9,Awarded
