church_id,name,organized_by,open_date,continuation_of
1,Pure Church of Christ,Wycam Clark,1831,Church of Christ
2,Independent Church,– Hoton,1832,Church of Christ
3,Church of Christ,Ezra Booth,1836,Church of the Latter Day Saints
4,Church of Christ (Parrishite),Warren Parrish,1837,Church of the Latter Day Saints
5,Alston Church,Isaac Russell,1839,Church of Jesus Christ of Latter Day Saints
6,Church of Christ,William Chubby,1830,Church of Jesus Christ of Latter Day Saints
7,"Church of Jesus Christ, the Bride, the Lamb's Wife",George M. Hinkle,1840,Church of Jesus Christ of Latter Day Saints
8,Church of Christ,Hiram Page,1842,Church of Jesus Christ of Latter Day Saints
9,True Church of Jesus Christ of Latter Day Saints,William Law,1844,Church of Jesus Christ of Latter Day Saints
