image_id,image_alt_text,image_name,image_url
1,Lea,top1,http://www.rempelnader.com/1.jpg
2,Arden,top2,http://connellykertzmann.org/1.jpg
3,Mohamed,top3,http://www.bernierconnelly.com/1.jpg
4,Chaya,top4,http://abernathyboehm.com/1.jpg
5,Percival,chapter1,http://gaylord.info/1.jpg
6,Lincoln,chapter2,http://www.hellerreinger.com/1.jpg
7,Camylle,chapter3,http://faycummerata.net/1.jpg
8,Ashtyn,chapter4,http://haleychamplin.net/1.jpg
9,Filomena,chapter5,http://www.fritsch.net/1.jpg
10,Jeanette,data1,http://sauer.com/1.jpg
11,Name,data2,http://www.heller.com/1.jpg
12,Marianna,data3,http://www.hermann.com/1.jpg
13,Stephen,data4,http://rowelakin.com/1.jpg
14,Miller,data5,http://andersonluettgen.net/1.jpg
15,Trycia,data6,http://www.beahan.biz/1.jpg
