company_name,hardware_model_name,accreditation_type,accreditation_level,date,chip_model,screen_mode
Sony Mobile Communications,"XPERIA T, XPERIA J",Full,joyn Hot Fixes,Approved (awarded 15.11.12),X5,1
LG Electronics,LG-P760,Full,joyn Hot Fixes,Approved (awarded 19.11.12),X51v,3
Nokia Corporation,"Lumia 920, Lumia 820, Lumia 620",Full,joyn Hot Fixes,Approved (awarded 05.12.12),X5,4
Samsung Electronics Co Ltd,GT-I9300,Full,joyn,Approved (awarded 23.10.12),X30 low-end,5
HTC Corporation,Z520e,Provisional,joyn,Approved (valid until 14.09.13),X3i,6
Samsung Electronics Co Ltd,GT-I9100,Provisional,joyn,Approved (valid until 06.04.13),X50 Advanced,1
Nokia Corporation,Nokia 700,Provisional,joyn,Approved (valid until 03.05.13),X5,2
Huawei Technologies Co.Ltd.,U8815 Asura,Provisional,joyn,Approved (valid until 03.05.13),X50 Standard,3
