common_name,protein_name,divergence_from_human_lineage,accession_number,sequence_length,sequence_identity_to_human_protein,institution_id
Tropical Clawed Frog,uncharacterized protein C20orf117-like,371.2,XP_002942331.1,1584.0,39%,1
purple sea urchin,uncharacterized protein LOC578090,742.9,XP_783370.2,1587.0,47%,3
body louse,"Centromeric protein E, putative",782.7,XP_002429877.1,2086.0,30%,5
southern house mosquito,conserved hypothetical protein,782.7,XP_001843754.1,1878.0,32%,5
porkworm,surface antigen repeat family protein,937.5,XP_003380263.1,2030.0,36%,9
