stuid,allergy
1001,Cat
1002,Shellfish
1002,Tree Pollen
1003,Dog
1004,Nuts
1005,Nuts
1005,Tree Pollen
1006,Nuts
1007,Ragweed
1007,Tree Pollen
1007,Grass Pollen
1007,Eggs
1007,Milk
1007,Shellfish
1007,Anchovies
1007,Cat
1007,Dog
1009,Tree Pollen
1010,Ragweed
1010,Tree Pollen
1010,Grass Pollen
1010,Eggs
1010,Milk
1010,Shellfish
1010,Anchovies
1010,Cat
1010,Dog
1011,Ragweed
1012,Ragweed
1013,Ragweed
1014,Nuts
1015,Nuts
1015,Soy
1016,Nuts
1016,Milk
1017,Tree Pollen
1018,Nuts
1018,Soy
1019,Tree Pollen
1020,Tree Pollen
1021,Tree Pollen
1022,Nuts
1022,Anchovies
1023,Rodent
1023,Cat
1023,Nuts
1024,Ragweed
1024,Tree Pollen
1025,Tree Pollen
1026,Grass Pollen
1027,Tree Pollen
1028,Tree Pollen
1029,Soy
1029,Nuts
1029,Eggs
1030,Grass Pollen
1031,Nuts
1031,Shellfish
1031,Soy
