track_id,name,location,seating,year_opened
1,Auto Club Speedway,"Fontana, CA",92000.0,1997.0
2,Chicagoland Speedway,"Joliet, IL",75000.0,2001.0
3,Darlington Raceway,"Darlington, SC",63000.0,1950.0
4,Daytona International Speedway,"Daytona Beach, FL",168000.0,1959.0
5,Homestead-Miami Speedway,"Homestead, FL",65000.0,1995.0
6,Kansas Speedway,"Kansas City, KS",81687.0,2001.0
7,Martinsville Speedway,"Ridgeway, VA",65000.0,1947.0
8,Michigan International Speedway,"Brooklyn, MI",137243.0,1968.0
9,Phoenix International Raceway,"Avondale, AZ",76812.0,1964.0
