catalog_id,catalog_name,catalog_publisher,date_of_publication,date_of_latest_revision
1,Chocolate,Koepp-Rutherford handmade chocolate store,2013-03-15 05:09:17,2017-09-26 12:10:36
2,Coffee Bean,Murray Coffee shop,2012-04-13 06:37:09,2017-10-26 01:16:51
3,Lemonade,Russel-Gislason Lemon shop,2012-11-27 19:29:22,2017-12-04 06:48:13
4,Breakfast Tea,Grady & Kautzer,2011-07-22 04:57:19,2017-03-30 09:15:37
5,Coco powder,Lidl,2013-03-15 05:09:17,2017-09-26 12:10:36
6,Latte,Murray Coffee shop,2012-04-13 06:37:09,2017-10-26 01:16:51
7,Sparkling Water,Russel-Gislason Lemon shop,2012-11-27 19:29:22,2017-12-04 06:48:13
8,Jam,Grady & Kautzer,2011-07-22 04:57:19,2017-03-30 09:15:37
