orchestra_id,orchestra,conductor_id,record_company,year_of_founded,major_record_format,name
1,London Symphony Orchestra,1,Mercury Records,2003.0,CD,Antal Doráti
2,Columbia Symphony Orchestra,2,Columbia Masterworks,2009.0,CD / LP,Igor Stravinsky
3,Royal Concertgebouw Orchestra,3,Philips,2008.0,CD,Colin Davis
4,Royal Danish Orchestra,4,Kultur,2002.0,DVD,Paul Jorgensen
5,Detroit Symphony Orchestra,5,Decca Records,2002.0,CD,Antal Brown
6,Montreal Symphony Orchestra,6,Decca Records,2004.0,CD,Charles Dutoit
7,Seattle Symphony Orchestra,7,Delos Records,2002.0,CD,Gerard Schwarz
8,Chicago Symphony Orchestra,8,Deutsche Grammophon,2003.0,CD,Pierre Boulez
9,Kirov Orchestra,9,Philips Classics Records,2008.0,CD,Valeri Gergiev
10,Philharmonia Orchestra,10,Koch Records / Naxos Records,2006.0,CD,Robert Craft
11,Orchestre de Paris,11,EMI,2007.0,CD,Seiji Ozawa
12,San Francisco Symphony Orchestra,12,RCA,2008.0,CD,Michael Tilson Thomas
