performance_id,orchestra_id,type,date,official_ratings_(millions),weekly_rank,share,orchestra
1,1,Auditions 1,9 June,5.2,12,22.7%,London Symphony Orchestra
2,2,Auditions 2,10 June,6.73,8,28.0%,Columbia Symphony Orchestra
3,3,Auditions 3,11 June,7.28,15,29.4%,Royal Concertgebouw Orchestra
4,4,Auditions 4,12 June,7.39,13,29.3%,Royal Danish Orchestra
5,5,Auditions 5,13 June,7.51,11,29.2%,Detroit Symphony Orchestra
11,11,Semi-final 1,14 June,8.36,9,34.0%,Orchestre de Paris
6,6,Semi-final 2,15 June,9.28,8,38.1%,Montreal Symphony Orchestra
7,7,Semi-final 3,16 June,9.29,7,40.9%,Seattle Symphony Orchestra
8,8,Live final,17 June,11.58,1,43.7%,Chicago Symphony Orchestra
9,9,Live final results,17 June,11.45,2,44.7%,Kirov Orchestra
10,10,Series average,2007,8.38,TBC,34%,Philharmonia Orchestra
